time,library
2018/8/31 14:38,70
2018/8/31 14:38,70
2018/8/31 14:38,70
2018-08-31 14:43:02,5
2018-08-31 14:43:12,13
2018-08-31 15:29:15,56
2018-08-31 15:29:25,149
2018-08-31 15:30:05,174
2018-08-31 15:30:15,56
2018-08-31 15:30:25,123
2018-08-31 15:30:35,65
2018-08-31 15:30:45,28
2018-08-31 15:30:55,157
2018-08-31 15:31:05,159
2018-08-31 15:31:15,115
2018-08-31 15:31:25,65
2018-08-31 15:31:35,12
2018-08-31 15:31:45,59
2018-08-31 15:31:55,64
2018-08-31 15:32:05,135
2018-08-31 15:32:15,197
2018-08-31 15:32:25,180
2018-08-31 15:32:35,161
2018-08-31 15:32:45,90
2018-08-31 15:32:55,102
2018-08-31 15:33:05,167
2018-08-31 15:33:15,182
2018-08-31 15:33:25,121
2018-08-31 15:33:35,26
2018-08-31 15:33:45,0
2018-08-31 15:33:55,118
2018-08-31 15:34:06,66
2018-08-31 15:34:16,97
2018-08-31 15:34:26,92
2018-08-31 15:34:36,93
2018-08-31 15:34:46,142
2018-08-31 15:34:56,7
2018-08-31 15:35:06,184
2018-08-31 15:35:16,103
2018-08-31 15:35:26,146
2018-08-31 15:35:36,41
2018-08-31 15:35:46,12
2018-08-31 15:35:56,94
2018-08-31 15:36:06,33
2018-08-31 15:36:16,172
2018-08-31 15:36:26,129
2018-08-31 15:36:36,41
2018-08-31 15:36:46,87
